istaigos_kodas;data;gydytojo_ID;pirminiu_vizitu_trukme;pirminiu_vizitu_pacientu_skaicius;visu_vizitu_trukme;visu_pacientu_skaicius;darbo_laikas_nuo;darbo_laikas_iki;iraso_sukurimo_data
124244035;2026-10-02;18268;240;17;345;33;07:00;13:30;2026-10-03 03:03
124244035;2026-10-02;8466;225;15;285;22;13:30;20:00;2026-10-03 03:03
124244035;2026-10-02;361;400;30;525;52;07:00;17:23;2026-10-03 03:03
124244035;2026-10-02;18055;255;18;360;38;07:00;13:30;2026-10-03 03:03
124244035;2026-10-02;4136;255;18;360;28;13:30;20:00;2026-10-03 03:03
124244035;2026-10-02;21428;255;22;360;33;07:00;13:30;2026-10-03 03:03
124244035;2026-10-02;24608;255;17;360;32;07:00;13:30;2026-10-03 03:03
124244035;2026-10-02;17155;225;14;285;26;13:30;20:00;2026-10-03 03:03
124244035;2026-10-02;121232;255;17;360;36;13:30;20:00;2026-10-03 03:03
124244035;2026-10-02;12598;210;14;260;20;13:30;20:00;2026-10-03 03:03
124244035;2026-10-02;15459;255;17;360;31;13:30;20:00;2026-10-03 03:03
124244035;2026-10-02;11112;255;18;360;36;13:30;20:00;2026-10-03 03:03
124244035;2026-10-02;10209;255;17;360;28;07:00;13:30;2026-10-03 03:03
124244035;2026-10-02;23024;255;17;360;27;07:00;13:30;2026-10-03 03:03
124244035;2026-10-02;21468;255;17;360;34;13:30;20:00;2026-10-03 03:03
124244035;2026-10-02;23027;240;17;345;38;13:30;20:00;2026-10-03 03:03
124244035;2026-10-02;16803;195;13;255;19;07:00;13:30;2026-10-03 03:03
124244035;2026-10-02;17271;180;12;220;17;13:30;20:00;2026-10-03 03:03
124244035;2026-10-02;8636;165;11;215;16;07:00;13:30;2026-10-03 03:03
124244035;2026-10-02;22347;255;23;360;42;07:00;13:30;2026-10-03 03:03
124244035;2026-10-02;26311;225;15;285;29;13:30;20:00;2026-10-03 03:03
124244035;2026-10-02;26261;285;23;350;44;07:00;13:30;2026-10-03 03:03
124244035;2026-10-02;25416;180;12;285;33;13:30;20:00;2026-10-03 03:03
124244035;2026-10-02;21350;255;17;360;28;07:00;13:30;2026-10-03 03:03
124244035;2026-10-02;16900;240;16;345;27;13:30;20:00;2026-10-03 03:03
124244035;2026-10-02;30089;210;14;270;22;07:00;13:30;2026-10-03 03:03
124244035;2026-10-02;25496;240;16;325;24;13:30;20:00;2026-10-03 03:03
124244035;2026-10-02;17706;255;17;360;28;13:30;20:00;2026-10-03 03:03
124244035;2026-10-02;30814;225;15;285;26;13:30;20:00;2026-10-03 03:03
124244035;2026-10-02;31559;255;21;360;34;07:00;13:30;2026-10-03 03:03
124244035;2026-10-02;24979;225;15;330;25;07:00;13:30;2026-10-03 03:03
124244035;2026-10-02;25777;140;11;180;19;07:30;17:24;2026-10-03 03:03
124244035;2026-10-02;17729;225;15;285;21;13:30;20:00;2026-10-03 03:03
124244035;2026-10-02;31886;165;11;195;14;07:00;16:00;2026-10-03 03:03
124244035;2026-10-02;32757;60;4;80;11;07:00;08:54;2026-10-03 03:03
124244035;2026-10-02;33554;240;16;345;30;13:30;20:00;2026-10-03 03:03
124244035;2026-10-02;33225;45;4;50;6;07:00;15:06;2026-10-03 03:03
124244035;2026-10-02;33161;205;13;265;22;07:00;13:30;2026-10-03 03:03
124244035;2026-10-02;34758;120;9;150;13;08:00;13:00;2026-10-03 03:03
124244035;2026-10-02;31553;255;17;350;29;07:00;13:30;2026-10-03 03:03
124244035;2026-10-02;30758;225;14;255;17;07:00;13:30;2026-10-03 03:03
124244035;2026-10-02;33203;240;16;300;24;13:30;20:00;2026-10-03 03:03
124244035;2026-10-02;33958;240;16;345;32;07:00;13:30;2026-10-03 03:03
124244035;2026-10-02;35349;270;18;345;33;07:00;13:30;2026-10-03 03:03
124244035;2026-10-02;35288;255;17;340;30;07:00;13:57;2026-10-03 03:03
124244035;2026-10-02;34830;240;16;340;26;07:00;13:30;2026-10-03 03:03
124244035;2026-10-02;5579;225;15;275;21;07:00;13:30;2026-10-03 03:03
124244035;2026-10-02;34041;255;19;360;34;13:30;20:00;2026-10-03 03:03
124244035;2026-10-02;35496;345;23;485;47;08:00;18:57;2026-10-03 03:03
124244035;2026-10-02;34838;240;16;345;34;07:00;13:30;2026-10-03 03:03
124244035;2026-10-02;34768;195;13;255;20;07:00;13:30;2026-10-03 03:03
124244035;2026-10-02;35856;255;17;360;30;13:30;20:00;2026-10-03 03:03
124244035;2026-10-02;34059;210;14;270;21;07:00;13:30;2026-10-03 03:03
124244035;2026-10-02;23008;255;17;360;27;13:30;20:00;2026-10-03 03:03
124244035;2026-10-02;35232;315;23;375;35;07:00;15:06;2026-10-03 03:03
124244035;2026-10-02;33492;255;17;350;28;07:00;13:30;2026-10-03 03:03
124244035;2026-10-02;36225;255;18;340;30;13:30;20:00;2026-10-03 03:03
124244035;2026-10-02;36828;255;21;360;39;13:30;20:00;2026-10-03 03:03
124244035;2026-10-02;36267;255;17;360;30;13:30;20:00;2026-10-03 03:03
124244035;2026-10-02;36802;225;14;285;25;13:30;20:00;2026-10-03 03:03
124244035;2026-10-02;36196;240;16;345;29;07:00;13:30;2026-10-03 03:03
124244035;2026-10-02;34130;115;8;135;10;07:00;13:30;2026-10-03 03:03
124244035;2026-10-02;35666;210;14;270;23;13:30;20:00;2026-10-03 03:03
124244035;2026-10-02;36926;240;16;345;33;13:30;20:00;2026-10-03 03:03
124244035;2026-10-02;35034;240;16;300;22;13:30;20:00;2026-10-03 03:03
124244035;2026-10-02;34007;255;17;360;32;13:30;20:00;2026-10-03 03:03
124244035;2026-10-02;34620;255;18;360;37;07:00;13:30;2026-10-03 03:03
124244035;2026-10-02;120021;255;17;360;32;07:00;13:30;2026-10-03 03:03
124244035;2026-10-02;4189;300;21;370;35;07:00;15:06;2026-10-03 03:03
